# Source: REPORTKalexandreEEC.pdf, section 4 "Resultados" (June 2024). Values transcribed unchanged.
# temperature_C: nominal input temperature Tj as listed in the report.
#   The stimulus source is not described in the report; the setup photo (termopar.png) shows an
#   Omega CL511 calibrator connected to the circuit input. Reference uncertainty: not documented.
# vo_V: circuit output voltage as listed in the report. Instrument: handheld DMM visible in the
#   setup photo; model, range and uncertainty not documented. One reading per point (no repeats).
temperature_C,vo_V
0,0.119
50,0.468
100,0.825
150,1.178
200,1.523
250,1.870
300,2.228
350,2.586
